<?xml version="1.0" encoding="UTF-8"?>
<beans xmlns="http://www.springframework.org/schema/beans"
       xmlns:xsi="http://www.w3.org/2001/XMLSchema-instance"
       xmlns:context="http://www.springframework.org/schema/context"
       xmlns:aop="http://www.springframework.org/schema/aop"
       xsi:schemaLocation="http://www.springframework.org/schema/beans
                           http://www.springframework.org/schema/beans/spring-beans.xsd
                           http://www.springframework.org/schema/context
                           http://www.springframework.org/schema/context/spring-context.xsd
                           http://www.springframework.org/schema/aop
                           http://www.springframework.org/schema/aop/spring-aop.xsd">

    <!-- Enable component scanning -->
    <context:component-scan base-package="com.library" />

    <!-- Enable AspectJ auto-proxying -->
    <aop:aspectj-autoproxy/>

    <!-- Bean for BookRepository -->
    <bean id="bookRepository" class="com.library.repository.BookRepository"/>

    <!-- Bean for BookService with constructor injection -->
    <!-- ex 7-->
    <bean id="bookService" class="com.library.service.BookService">
        <constructor-arg ref="bookRepository"/>
        <property name="bookRepository" ref="bookRepository"/>
    </bean>

    <!-- Register LoggingAspect bean -->
    <!-- ex 8-->
    <bean id="loggingAspect" class="com.library.aspect.LoggingAspect" />
</beans>
